Time, x^2
0.00000000,0.00000000
0.10000000,0.01000000
0.20000000,0.04000000
0.30000000,0.09000000
0.40000000,0.16000000
0.50000000,0.25000000
0.60000000,0.36000000
0.70000000,0.49000000
0.80000000,0.64000000
0.90000000,0.81000000
